Item,Description,Pack Size,Quantity,Price Each,Amount,Price Each Product,Store Price,Online Price
3AB 204-984451,Anthon Berg Cherry In Rum,12 / 220 G,1,118.68,118.68,9.89,15.69,16.19
3BS 12-461716,Edeka Schokoladen Lebkuchen Vollmilch,14 / 500 G,1,153.86,153.86,10.99,17.39,17.89
3BS 13-461730,Edeka Schokoladen Lebkuchen Zartbitter,14 / 500 G,1,153.86,153.86,10.99,17.39,17.89
3BS 16-8959,Edeka Zimtsterne,22 / 115 G,1,120.78,120.78,5.49,8.89,9.39
3BS 22-5061,Edeka Kokos Makronen Zartbitter,15 / 250 G,1,80.85,80.85,5.39,8.69,9.19
3BS 29-460818,Edeka Edel Marzipan Stollen,6 / 1000 G,6,71.94,431.64,11.99,18.89,19.39
3BS 31-460856,Edeka Marzipan Stollen,20 / 200 G,1,63.80,63.80,3.19,5.29,5.79
3BS 33-460795,Edeka Butter Stollen Thueringer Art,4 / 1000 G,5,62.76,313.80,15.69,24.69,25.19
3BS 34-460870,Edeka Butter Stollen,10 / 500 G,2,78.90,157.80,7.89,12.59,13.09
3BS 35-460894,Edeka Butter Stollen,20 / 200 G,1,79.80,79.80,3.99,6.49,6.99
3BS 36-460917,Edeka Butter Mandel Stollen,7 / 750 G,5,90.93,454.65,12.99,20.49,20.99
3BS 37-461334,Edeka Lebkuchen Herzen ZB Ungefuellt,36 / 150 G,1,129.24,129.24,3.59,5.89,6.39
3BS 38-461310,Edeka Lebkuchen Herzen ZB Gefuellt,36 / 150 G,1,143.64,143.64,3.99,6.49,6.99
3BS 39-461297,Edeka Lebkuchen Herzen VM Gefuellt,36 / 150 G,1,143.64,143.64,3.99,6.49,6.99
3BS 40-483787,Edeka Erlesene Lebkuchenmischung,24 / 200 G,1,225.36,225.36,9.39,14.89,15.39
3CA 106-11854,Carstens Frohes Fest Weihnachtsmaenner,7 / 150 G,2,37.03,74.06,5.29,8.59,9.09
3CA 107-11881,Carstens Luebecker Marzipan Kartoffeln,8 / 125 G,3,34.32,102.96,4.29,6.99,7.49
3DQ 101-74061,Dr. Quendt Lebkuchen Konfekt,15 / 130 G,1,74.85,74.85,4.99,8.09,8.59
3DQ 102-74031,Dr. Quendt Herren Konfekt,15 / 160 G,1,74.85,74.85,4.99,8.09,8.59
3HM 102-280816,Haeberlein Metzger Feine Weiche Oblaten Lebkuchen Schokoliert,21 / 200 G,1,161.49,161.49,7.69,12.29,12.79
3L 120-70285,Lindt Baumbehang Blaetterkrokant,20 / 90 G,2,159.80,319.60,7.99,12.69,13.19
3L 121-70265,Lindt Baumbehang Nugat,20 / 101 G,1,159.80,159.80,7.99,12.69,13.19
3L 122-72947,Lindt Baumbehang Marzipan,20 / 100 G,1,159.80,159.80,7.99,12.69,13.19
3L 131-70971,Lindt Weihnachts Schokolade,24 / 100 G,2,174.96,349.92,7.29,11.69,12.19
3L 132-70981,Lindt Weihnachts Mandel Schokolade,24 / 100 G,1,174.96,174.96,7.29,11.69,12.19
3L 143-77315,Lindt Weihnachts Macadamia,24 / 100 G,1,213.36,213.36,8.89,14.09,14.59
3M 100-4313365,Milka Adventszauberkalender,10 / 238 G,1,286.90,286.90,28.69,44.79,45.29
3M 215-4024273,Milka Schneemann,24 / 50 G,1,71.76,71.76,2.99,4.99,5.49
3M 300-4249666,Milka Bonbons Knister,26 / 86 G,1,134.94,134.94,5.19,8.39,8.89
3M 323-4240747,Milka Lebkuchen Feine Kugeln,26 / 90 G,1,134.94,134.94,5.19,8.39,8.89
3M 340-4267969,Milka Snowballs,20 / 112 G,1,165.80,165.80,8.29,13.19,13.69
3M 341-4268031,Milka Snowballs Oreo,20 / 112 G,1,165.80,165.80,8.29,13.19,13.69
3NG 141-11915,Niederegger Klassiker Variationen,10 / 100 G,1,73.90,73.90,7.39,11.79,12.29
3NG 170-06911,Niederegger Marzipan Tafel Classic Zartbitter,10 / 110 G,1,48.90,48.90,4.89,7.89,8.39
3NG 171-06914,Niederegger Marzipan Tafel Classic Vollmilch,10 / 110 G,1,48.90,48.90,4.89,7.89,8.39
3NG 174-06993,Niederegger Marzipan Tafel Walnuss-Rum-Krokant,10 / 110 G,1,48.90,48.90,4.89,7.89,8.39
3NG 176-02983,Niederegger Winterapfel-Praline Weihnachtsschokolade Tafel,10 / 100 G,1,48.90,48.90,4.89,7.89,8.39
3NG 181-02980,Niederegger Truffles Tafel Toffee Salted,10 / 100 G,1,48.90,48.90,4.89,7.89,8.39
3NG 210-79906,Niederegger Marzipan Domino Steine,8 / 125 G,10,59.12,591.20,7.39,11.79,12.29
3NG 212-40951,Niederegger Marzipan Rumkugeln,8 / 150 G,1,68.72,68.72,8.59,13.69,14.19
3NG 213-40923,Niederegger Marzipan Weihnachtskugeln,8 / 150 G,1,68.72,68.72,8.59,13.69,14.19
3NG 230-16936,Niederegger Minis Marzipan Variety,8 / 112 G,1,76.72,76.72,9.59,15.19,15.69
3NG 231-04980,Niederegger Minis Praline Variety,8 / 120 G,2,76.72,153.44,9.59,15.19,15.69
3RG 111-50850,Riegelein Santa Nico Mit Schokolinsen,15 / 100 G,1,82.35,82.35,5.49,8.89,9.39
3RG 140-52025,Riegelein Fondant Baumbehang,24 / 150 G,1,47.76,47.76,1.99,3.39,3.89
3RG 143-52030,Riegelein Fondant Sterne,24 / 150 G,1,54.96,54.96,2.29,3.89,4.39
3RG 170-50854,Riegelein Laternenlauf Kakaocreme-Kugeln,26 / 180 G,1,121.94,121.94,4.69,7.59,8.09
3RG 171-04379,Riegelein Milchcreme Zapfen With Loop,24 / 150 G,1,114.96,114.96,4.79,7.79,8.29
3RG 184-50706,Riegelein Amaretto Zapfen With Loop,24 / 150 G,2,54.96,109.92,2.29,3.89,4.39
3SC 135-5134,Schluckwerder (Cid:74)Amaica Rum-Kugeln Bag,36 / 200 G,1,82.44,82.44,2.29,3.89,4.39
3SH 100-5398,Schulte Nuss-Spitzkuchen,15 / 175 G,1,107.85,107.85,7.19,11.49,11.99
3SH 110-427,Schulte Vanille-Monde,15 / 200 G,1,68.85,68.85,4.59,7.49,7.99
3SH 111-2008,Schulte Anis Gebaeck,15 / 150 G,2,58.35,116.70,3.89,6.39,6.89
3SH 120-8295,Schulte Lebkuchenherzen Pflaume,15 / 175 G,1,83.85,83.85,5.59,8.99,9.49
3SH 127-8294,Schulte Lebkuchen Nuss-Toertchen,15 / 150 G,1,70.35,70.35,4.69,7.59,8.09
3TR 201-50480,Trumpf Edle Tropfen Adventskalender,14 / 300 G,2,212.66,425.32,15.19,23.89,24.39
3W 115-279411,Weiss Lebkuchen Herzen Zartbitter Gefuellt,36 / 150 G,1,114.84,114.84,3.19,5.29,5.79
3W 116-279510,Weiss Lebkuchen Herzen Vollmilch Gefuellt,36 / 150 G,1,114.84,114.84,3.19,5.29,5.79
3WL 102-4468,Wicklein Feine Nuernberger Meistersinger Oblaten-Lebkuchen Naturell,21 / 200 G,1,119.49,119.49,5.69,9.19,9.69
3WL 103-7003,Wicklein Feine Nuernberger Meistersinger Oblaten-Lebkuchen Glaisert,21 / 200 G,2,119.49,238.98,5.69,9.19,9.69
